{
  "config": {
    "n_validators": 10,
    "target": "v0",
    "cartel": [],
    "epoch_length": 50,
    "n_per_block": 50,
    "eta": 0.02,
    "g_max": 10.0,
    "n_pre_epochs": 10,
    "eclipse_duration_epochs": 25,
    "n_post_epochs": 60,
    "seed": 42
  },
  "epochs": [
    0,
    1,
    2,
    3,
    4,
    5,
    6,
    7,
    8,
    9,
    10,
    11,
    12,
    13,
    14,
    15,
    16,
    17,
    18,
    19,
    20,
    21,
    22,
    23,
    24,
    25,
    26,
    27,
    28,
    29,
    30,
    31,
    32,
    33,
    34,
    35,
    36,
    37,
    38,
    39,
    40,
    41,
    42,
    43,
    44,
    45,
    46,
    47,
    48,
    49,
    50,
    51,
    52,
    53,
    54,
    55,
    56,
    57,
    58,
    59,
    60,
    61,
    62,
    63,
    64,
    65,
    66,
    67,
    68,
    69,
    70,
    71,
    72,
    73,
    74,
    75,
    76,
    77,
    78,
    79,
    80,
    81,
    82,
    83,
    84,
    85,
    86,
    87,
    88,
    89,
    90,
    91,
    92,
    93,
    94,
    95
  ],
  "target_reputation": [
    1.0,
    1.2,
    1.4,
    1.5999999999999999,
    1.7999999999999998,
    1.9999999999999998,
    2.1999999999999997,
    2.4,
    2.6,
    2.8000000000000003,
    3.0000000000000004,
    3.0000000000000004,
    3.0000000000000004,
    3.0000000000000004,
    3.0000000000000004,
    3.0000000000000004,
    3.0000000000000004,
    3.0000000000000004,
    3.0000000000000004,
    3.0000000000000004,
    3.0000000000000004,
    3.0000000000000004,
    3.0000000000000004,
    3.0000000000000004,
    3.2000000000000006,
    3.2000000000000006,
    3.2000000000000006,
    3.2000000000000006,
    3.2000000000000006,
    3.2000000000000006,
    3.2000000000000006,
    3.2000000000000006,
    3.2000000000000006,
    3.2000000000000006,
    3.2000000000000006,
    3.2000000000000006,
    3.400000000000001,
    3.600000000000001,
    3.800000000000001,
    4.000000000000001,
    4.200000000000001,
    4.400000000000001,
    4.600000000000001,
    4.800000000000002,
    5.000000000000002,
    5.200000000000002,
    5.400000000000002,
    5.600000000000002,
    5.8000000000000025,
    6.000000000000003,
    6.200000000000003,
    6.400000000000003,
    6.600000000000003,
    6.800000000000003,
    7.0000000000000036,
    7.200000000000004,
    7.400000000000004,
    7.600000000000004,
    7.800000000000004,
    8.0,
    8.0,
    8.0,
    8.0,
    8.0,
    8.0,
    8.0,
    8.0,
    8.0,
    8.0,
    8.0,
    8.0,
    8.0,
    8.0,
    8.0,
    8.0,
    8.0,
    8.0,
    8.0,
    8.0,
    8.0,
    8.0,
    8.0,
    8.0,
    8.0,
    8.0,
    8.0,
    8.0,
    8.0,
    8.0,
    8.0,
    8.0,
    8.0,
    8.0,
    8.0,
    8.0,
    8.0
  ],
  "honest_mean_reputation": [
    1.0,
    1.2,
    1.4,
    1.5999999999999999,
    1.7999999999999998,
    1.9999999999999996,
    2.1999999999999997,
    2.4,
    2.6,
    2.8000000000000003,
    3.0000000000000004,
    3.2000000000000006,
    3.400000000000001,
    3.6000000000000005,
    3.800000000000001,
    4.000000000000001,
    4.200000000000001,
    4.400000000000001,
    4.600000000000001,
    4.800000000000002,
    5.000000000000002,
    5.200000000000002,
    5.400000000000002,
    5.600000000000002,
    5.8000000000000025,
    6.000000000000003,
    6.200000000000003,
    6.400000000000003,
    6.600000000000003,
    6.800000000000003,
    7.0000000000000036,
    7.200000000000005,
    7.400000000000004,
    7.600000000000004,
    7.800000000000005,
    8.0,
    8.0,
    8.0,
    8.0,
    8.0,
    8.0,
    8.0,
    8.0,
    8.0,
    8.0,
    8.0,
    8.0,
    8.0,
    8.0,
    8.0,
    8.0,
    8.0,
    8.0,
    8.0,
    8.0,
    8.0,
    8.0,
    8.0,
    8.0,
    8.0,
    8.0,
    8.0,
    8.0,
    8.0,
    8.0,
    8.0,
    8.0,
    8.0,
    8.0,
    8.0,
    8.0,
    8.0,
    8.0,
    8.0,
    8.0,
    8.0,
    8.0,
    8.0,
    8.0,
    8.0,
    8.0,
    8.0,
    8.0,
    8.0,
    8.0,
    8.0,
    8.0,
    8.0,
    8.0,
    8.0,
    8.0,
    8.0,
    8.0,
    8.0,
    8.0,
    8.0
  ]
}