{
  "params": {
    "n_validators": 10,
    "honest_stake": 100.0,
    "epoch_length": 300,
    "warmup_epochs": 14,
    "ramp_epochs": 30,
    "slash_epoch": 54,
    "total_epochs": 89,
    "r_min": 1.0,
    "r_max": 8.0
  },
  "epochs": [
    0,
    1,
    2,
    3,
    4,
    5,
    6,
    7,
    8,
    9,
    10,
    11,
    12,
    13,
    14,
    15,
    16,
    17,
    18,
    19,
    20,
    21,
    22,
    23,
    24,
    25,
    26,
    27,
    28,
    29,
    30,
    31,
    32,
    33,
    34,
    35,
    36,
    37,
    38,
    39,
    40,
    41,
    42,
    43,
    44,
    45,
    46,
    47,
    48,
    49,
    50,
    51,
    52,
    53,
    54,
    55,
    56,
    57,
    58,
    59,
    60,
    61,
    62,
    63,
    64,
    65,
    66,
    67,
    68,
    69,
    70,
    71,
    72,
    73,
    74,
    75,
    76,
    77,
    78,
    79,
    80,
    81,
    82,
    83,
    84,
    85,
    86,
    87,
    88,
    89
  ],
  "bar_r_h": [
    1.0,
    1.2329999999999999,
    1.466,
    1.6990000000000007,
    1.9320000000000004,
    2.1650000000000005,
    2.3980000000000015,
    2.6310000000000007,
    2.8640000000000008,
    3.0970000000000013,
    3.3300000000000005,
    3.5630000000000015,
    3.796000000000002,
    4.029000000000001,
    4.261999999999999,
    4.495,
    4.728000000000001,
    4.961,
    5.193999999999997,
    5.426999999999998,
    5.659999999999999,
    5.892999999999999,
    6.125999999999998,
    6.358999999999997,
    6.591999999999997,
    6.8249999999999975,
    7.0579999999999945,
    7.290999999999995,
    7.523999999999996,
    7.756999999999996,
    7.989999999999997,
    8.0,
    8.0,
    8.0,
    8.0,
    8.0,
    8.0,
    8.0,
    8.0,
    8.0,
    8.0,
    8.0,
    8.0,
    8.0,
    8.0,
    8.0,
    8.0,
    8.0,
    8.0,
    8.0,
    8.0,
    8.0,
    8.0,
    8.0,
    7.3,
    7.32202,
    7.34532,
    7.36862,
    7.39192,
    7.415220000000001,
    7.4385200000000005,
    7.4618199999999995,
    7.48512,
    7.50842,
    7.53172,
    7.555020000000001,
    7.57832,
    7.60162,
    7.62492,
    7.64822,
    7.67152,
    7.69482,
    7.71812,
    7.74142,
    7.76472,
    7.7880199999999995,
    7.811319999999999,
    7.83462,
    7.85792,
    7.881219999999999,
    7.90452,
    7.92782,
    7.951119999999999,
    7.97442,
    7.997719999999999,
    8.0,
    8.0,
    8.0,
    8.0,
    8.0
  ],
  "kappa": [
    1.0,
    1.233,
    1.4660000000000002,
    1.6990000000000005,
    1.9320000000000004,
    2.1650000000000005,
    2.398000000000001,
    2.631000000000001,
    2.8640000000000008,
    3.097000000000001,
    3.330000000000001,
    3.5630000000000015,
    3.796000000000001,
    4.029000000000001,
    4.262,
    4.495,
    4.728,
    4.961,
    5.193999999999998,
    5.426999999999998,
    5.659999999999999,
    5.892999999999998,
    6.125999999999999,
    6.358999999999997,
    6.591999999999997,
    6.824999999999997,
    7.057999999999996,
    7.290999999999995,
    7.523999999999996,
    7.756999999999994,
    7.989999999999996,
    8.0,
    8.0,
    8.0,
    8.0,
    8.0,
    8.0,
    8.0,
    8.0,
    8.0,
    8.0,
    8.0,
    8.0,
    8.0,
    8.0,
    8.0,
    8.0,
    8.0,
    8.0,
    8.0,
    8.0,
    8.0,
    8.0,
    8.0,
    7.3,
    7.32202,
    7.34532,
    7.36862,
    7.39192,
    7.415220000000001,
    7.4385200000000005,
    7.4618199999999995,
    7.48512,
    7.50842,
    7.53172,
    7.555020000000001,
    7.57832,
    7.60162,
    7.62492,
    7.64822,
    7.671519999999999,
    7.69482,
    7.71812,
    7.74142,
    7.76472,
    7.7880199999999995,
    7.811319999999999,
    7.83462,
    7.85792,
    7.881219999999999,
    7.90452,
    7.92782,
    7.9511199999999995,
    7.974419999999999,
    7.997719999999999,
    8.0,
    8.0,
    8.0,
    8.0,
    8.0
  ],
  "annotations": [
    {
      "epoch": 54,
      "event": "slash v0"
    }
  ]
}